Feature,Estimate,Std Error,t-stat,p-Value
Intercept, 81494.2263,68.8184, 76.9434, 0.0000
MIN_YEARS_EXPERIENCE, 5295.1235,1039.3749, 15.7299, 0.0000
EDU_IDX, 16349.3037,475.0494,-13.4577, 0.0000
SKILLS_VEC_0,-6393.0697,507.7155, 0.6239, 0.5327
SKILLS_VEC_1, 316.7825,487.9909, 4.4302, 0.0000
SKILLS_VEC_2, 2161.8749,511.1924, 3.5119, 0.0004
SKILLS_VEC_3, 1795.2350,565.2219, 0.5203, 0.6029
SKILLS_VEC_4, 294.0726,652.4923, 5.2266, 0.0000
SKILLS_VEC_5, 3410.3279,485.5897, 3.1029, 0.0019
SKILLS_VEC_6, 1506.7280,535.1977, 1.6357, 0.1019
SKILLS_VEC_7, 875.4063,555.4264,-7.8195, 0.0000
SKILLS_VEC_8,-4343.1490,570.1256, 3.6766, 0.0002
SKILLS_VEC_9, 2096.1510,567.8682, 2.5728, 0.0101
SKILLS_VEC_10, 1460.9929,560.8019,-2.6610, 0.0078
SKILLS_VEC_11,-1492.3102,625.4805, 0.2789, 0.7803
SKILLS_VEC_12, 174.4694,567.9758,-1.3675, 0.1715
SKILLS_VEC_13,-776.7008,607.1557,-0.1031, 0.9179
SKILLS_VEC_14,-62.6154,554.2205,-3.5685, 0.0004
SKILLS_VEC_15,-1977.7589,673.9597, 1.1089, 0.2675
SKILLS_VEC_16, 747.3319,613.3862,-0.4182, 0.6758
SKILLS_VEC_17,-256.5476,613.4434, 6.0683, 0.0000
SKILLS_VEC_18, 3722.5332,687.0696, 3.6432, 0.0003
SKILLS_VEC_19, 2503.1398,735.2653,-4.4227, 0.0000
SKILLS_VEC_20,-3251.8384,784.4092, 10.6843, 0.0000
SKILLS_VEC_21, 8380.8894,709.9494, 4.1769, 0.0000
SKILLS_VEC_22, 2965.3580,630.9133,-4.9249, 0.0000
SKILLS_VEC_23,-3107.1540,637.4196,-0.3040, 0.7612
SKILLS_VEC_24,-193.7523,719.2090, 0.4271, 0.6693
SKILLS_VEC_25, 307.1651,627.3589,-2.4209, 0.0155
SKILLS_VEC_26,-1518.7647,698.3966, 2.2492, 0.0245
SKILLS_VEC_27, 1570.8152,781.8449, 1.2866, 0.1982
SKILLS_VEC_28, 1005.9138,705.7938,-6.4495, 0.0000
SKILLS_VEC_29,-4552.0106,854.0584,-1.3248, 0.1853
SKILLS_VEC_30,-1131.4339,711.4508,-4.3392, 0.0000
SKILLS_VEC_31,-3087.1310,681.2537,-0.8778, 0.3801
SKILLS_VEC_32,-597.9985,799.2332, 5.9657, 0.0000
SKILLS_VEC_33, 4767.9457,921.0596, 6.6937, 0.0000
SKILLS_VEC_34, 6165.2770,866.7767, 3.8552, 0.0001
SKILLS_VEC_35, 3341.5759,826.5114,-5.1919, 0.0000
SKILLS_VEC_36,-4291.1975,792.7660,-0.0094, 0.9925
SKILLS_VEC_37,-7.4625,745.0445,-2.9561, 0.0031
SKILLS_VEC_38,-2202.4189,966.0420,-0.0787, 0.9373
SKILLS_VEC_39,-75.9849,820.0430,-1.3309, 0.1832
SKILLS_VEC_40,-1091.4292,971.3283, 1.2083, 0.2270
SKILLS_VEC_41, 1173.6192,798.1449,-1.7617, 0.0781
SKILLS_VEC_42,-1406.0772,829.4331,-2.5382, 0.0111
SKILLS_VEC_43,-2105.2457,799.5659,-0.0894, 0.9287
SKILLS_VEC_44,-71.4965,923.0911, 0.5338, 0.5935
SKILLS_VEC_45, 492.7240,797.6483, 0.6848, 0.4935
SKILLS_VEC_46, 546.2454,1168.5356, 8.1876, 0.0000
SKILLS_VEC_47, 9567.5295,996.4462, 1.7213, 0.0852
SKILLS_VEC_48, 1715.1682,949.1442, 1.5592, 0.1190
SKILLS_VEC_49, 1479.9249,920.6550, 5.3941, 0.0000
SKILLS_VEC_50, 4966.0834,949.5365,-1.2205, 0.2223
SKILLS_VEC_51,-1158.9157,1224.3762, 5.5333, 0.0000
SKILLS_VEC_52, 6774.7937,915.4424,-0.7440, 0.4569
SKILLS_VEC_53,-681.0769,851.5756, 4.3502, 0.0000
SKILLS_VEC_54, 3704.5101,1115.5993, 0.5819, 0.5606
SKILLS_VEC_55, 649.2176,1024.3945, 1.5721, 0.1159
SKILLS_VEC_56, 1610.4802,1205.5048,-7.6791, 0.0000
SKILLS_VEC_57,-9257.1496,1022.2547, 6.5671, 0.0000
SKILLS_VEC_58, 6713.2044,978.2828, 0.7658, 0.4438
SKILLS_VEC_59, 749.1800,919.4011, 1.6837, 0.0922
SKILLS_VEC_60, 1548.0269,946.2852, 1.8576, 0.0632
SKILLS_VEC_61, 1757.8503,1066.9951, 0.6890, 0.4908
SKILLS_VEC_62, 735.1601,902.8668,-0.5074, 0.6119
SKILLS_VEC_63,-458.1001,954.4376, 1.6639, 0.0962
SKILLS_VEC_64, 1588.0457,908.2716,-0.5146, 0.6069
SKILLS_VEC_65,-467.3726,963.0776, 6.4454, 0.0000
SKILLS_VEC_66, 6207.4231,1012.3254, 3.3663, 0.0008
SKILLS_VEC_67, 3407.7776,993.2217,-0.9950, 0.3197
SKILLS_VEC_68,-988.3050,1003.3997, 1.2809, 0.2002
SKILLS_VEC_69, 1285.2662,1004.5750,-3.7083, 0.0002
SKILLS_VEC_70,-3725.2674,1097.3780, 4.8574, 0.0000
SKILLS_VEC_71, 5330.4474,961.4598, 6.8457, 0.0000
SKILLS_VEC_72, 6581.8484,1227.7017,-2.4293, 0.0151
SKILLS_VEC_73,-2982.4101,1046.2157, 2.0693, 0.0385
SKILLS_VEC_74, 2164.9089,1100.5033,-1.0056, 0.3146
SKILLS_VEC_75,-1106.6350,1324.5409, 0.8879, 0.3746
SKILLS_VEC_76, 1176.0311,1054.6338,-0.2858, 0.7750
SKILLS_VEC_77,-301.4564,1053.6962, 3.1118, 0.0019
SKILLS_VEC_78, 3278.9059,1105.3327, 8.6373, 0.0000
SKILLS_VEC_79, 9547.0495,1182.1040,-0.6946, 0.4873
SKILLS_VEC_80,-821.0990,976.8594, 1.3201, 0.1868
SKILLS_VEC_81, 1289.5259,1020.9186,-1.5779, 0.1146
SKILLS_VEC_82,-1610.9337,1121.8862, 4.1243, 0.0000
SKILLS_VEC_83, 4626.9446,1210.7478, 6.3913, 0.0000
SKILLS_VEC_84, 7738.2141,1192.2612,-1.0039, 0.3154
SKILLS_VEC_85,-1196.8816,1187.3757,-3.0436, 0.0023
SKILLS_VEC_86,-3613.8557,1131.1075, 3.3344, 0.0009
SKILLS_VEC_87, 3771.5800,1184.1962, 1.5364, 0.1244
SKILLS_VEC_88, 1819.4119,1192.7479,-3.0975, 0.0020
SKILLS_VEC_89,-3694.4885,1221.1484,-0.1313, 0.8955
SKILLS_VEC_90,-160.3408,1012.5202,-1.3869, 0.1655
SKILLS_VEC_91,-1404.2392,1123.8251, 0.0548, 0.9563
SKILLS_VEC_92, 61.6168,1223.7907,-3.5567, 0.0004
SKILLS_VEC_93,-4352.6254,1147.7021, 1.3014, 0.1931
SKILLS_VEC_94, 1493.6492,1243.1538, 3.6778, 0.0002
SKILLS_VEC_95, 4572.0576,1037.6855, 3.0393, 0.0024
SKILLS_VEC_96, 3153.8314,1089.0886, 0.9439, 0.3452
SKILLS_VEC_97, 1027.9907,1227.0467,-3.5704, 0.0004
SKILLS_VEC_98,-4380.9863,1128.6515, 2.0604, 0.0394
SKILLS_VEC_99, 2325.5269,1783.0520, 0.8119, 0.4169
SKILLS_VEC_100, 1447.6565,1340.5808, 3.1022, 0.0019
SKILLS_VEC_101, 4158.7019,1310.3157, 3.1766, 0.0015
SKILLS_VEC_102, 4162.2901,1208.2796, 4.7420, 0.0000
SKILLS_VEC_103, 5729.6970,1566.7352,-11.5714, 0.0000
SKILLS_VEC_104,-18129.2903,1148.2184, 1.3109, 0.1899
SKILLS_VEC_105, 1505.2321,1188.6855, 6.2398, 0.0000
SKILLS_VEC_106, 7417.1822,1291.3371, 0.1423, 0.8869
SKILLS_VEC_107, 183.7286,1310.3340,-1.1223, 0.2618
SKILLS_VEC_108,-1470.5272,1130.9129, 0.3512, 0.7254
SKILLS_VEC_109, 397.2198,1468.3560, 4.0647, 0.0000
SKILLS_VEC_110, 5968.3958,1332.2071,-0.3697, 0.7116
SKILLS_VEC_111,-492.4817,1217.7284, 6.2596, 0.0000
SKILLS_VEC_112, 7622.5391,1359.6833,-4.2324, 0.0000
SKILLS_VEC_113,-5754.7552,1399.6835, 9.0222, 0.0000
SKILLS_VEC_114, 12628.2391,1176.9333,-1.6751, 0.0939
SKILLS_VEC_115,-1971.5171,1218.4048, 1.3191, 0.1872
SKILLS_VEC_116, 1607.1423,1377.5151, 6.5217, 0.0000
SKILLS_VEC_117, 8983.7854,1954.5590,-0.3773, 0.7060
SKILLS_VEC_118,-737.4148,1213.3122, 1.9682, 0.0491
SKILLS_VEC_119, 2388.0315,1407.2135, 7.8647, 0.0000
SKILLS_VEC_120, 11067.2875,1158.5117,-1.2669, 0.2052
SKILLS_VEC_121,-1467.7022,1300.2494, 3.9852, 0.0001
SKILLS_VEC_122, 5181.7697,1637.2506,-5.3634, 0.0000
SKILLS_VEC_123,-8781.2332,1174.8826, 3.0944, 0.0020
SKILLS_VEC_124, 3635.6030,1167.4566,-2.7193, 0.0065
SKILLS_VEC_125,-3174.6705,1381.8428,-1.6521, 0.0985
SKILLS_VEC_126,-2282.9102,1406.8189, 4.1730, 0.0000
SKILLS_VEC_127, 5870.6556,1345.3303,-1.4460, 0.1482
SKILLS_VEC_128,-1945.3908,1311.4878,-0.5479, 0.5838
SKILLS_VEC_129,-718.5442,1371.0083, 1.8568, 0.0633
SKILLS_VEC_130, 2545.7503,1166.0625,-4.2442, 0.0000
SKILLS_VEC_131,-4949.0371,1482.7742, 0.4825, 0.6294
SKILLS_VEC_132, 715.4803,1625.8282, 0.8637, 0.3878
SKILLS_VEC_133, 1404.2022,1735.7484, 0.6947, 0.4873
SKILLS_VEC_134, 1205.7980,1462.4670, 2.8155, 0.0049
SKILLS_VEC_135, 4117.5084,1340.0837,-0.6094, 0.5423
SKILLS_VEC_136,-816.6612,1423.8385, 1.8890, 0.0589
SKILLS_VEC_137, 2689.6345,1154.0757, 2.8951, 0.0038
SKILLS_VEC_138, 3341.1518,1744.3138,-2.3887, 0.0169
SKILLS_VEC_139,-4166.6719,1135.3065,-1.3480, 0.1777
SKILLS_VEC_140,-1530.3938,2268.6315, 9.4270, 0.0000
SKILLS_VEC_141, 21386.4036,1266.4480,-0.2168, 0.8284
SKILLS_VEC_142,-274.5689,1227.6476,-3.0189, 0.0025
SKILLS_VEC_143,-3706.1126,1794.9635, 3.5756, 0.0003
SKILLS_VEC_144, 6418.1604,1212.6811,-3.7670, 0.0002
SKILLS_VEC_145,-4568.2118,1875.4833, 8.8002, 0.0000
SKILLS_VEC_146, 16504.6781,1368.6142,-0.6422, 0.5207
SKILLS_VEC_147,-878.9535,1413.5238, 4.1395, 0.0000
SKILLS_VEC_148, 5851.2739,1490.3686,-1.3435, 0.1791
SKILLS_VEC_149,-2002.3116,1437.1163,-1.3239, 0.1855
SKILLS_VEC_150,-1902.6477,1532.6782, 2.5940, 0.0095
SKILLS_VEC_151, 3975.7933,1516.2315, 5.7810, 0.0000
SKILLS_VEC_152, 8765.3084,1421.3345,-0.3649, 0.7152
SKILLS_VEC_153,-518.6478,1189.4581, 3.2555, 0.0011
SKILLS_VEC_154, 3872.2870,1134.8593,-12.6701, 0.0000
SKILLS_VEC_155,-14378.8135,1654.5666, 2.6621, 0.0078
SKILLS_VEC_156, 4404.6825,1592.2291,-2.1339, 0.0329
SKILLS_VEC_157,-3397.6189,1379.9686, 1.9675, 0.0491
SKILLS_VEC_158, 2715.1184,1256.2599, 3.9079, 0.0001
SKILLS_VEC_159, 4909.3779,1324.3030, 0.2989, 0.7650
SKILLS_VEC_160, 395.8093,1351.1768,-3.7418, 0.0002
SKILLS_VEC_161,-5055.8015,1330.8829,-1.2438, 0.2136
SKILLS_VEC_162,-1655.3528,1351.4408, 2.4673, 0.0136
SKILLS_VEC_163, 3334.3687,1449.2883,-0.7068, 0.4797
SKILLS_VEC_164,-1024.3940,1419.4274, 1.7345, 0.0828
SKILLS_VEC_165, 2461.9915,1319.1494, 3.8789, 0.0001
SKILLS_VEC_166, 5116.9061,1345.7799,-2.2842, 0.0224
SKILLS_VEC_167,-3074.0849,5460.2598,-1.5151, 0.1298
SKILLS_VEC_168,-8272.5766,1467.0222, 2.3594, 0.0183
SKILLS_VEC_169, 3461.2577,1485.6264, 1.2050, 0.2282
SKILLS_VEC_170, 1790.1530,1978.8270, 0.4253, 0.6706
SKILLS_VEC_171, 841.5742,1592.0074,-6.1754, 0.0000
SKILLS_VEC_172,-9831.2286,1477.8073,-4.7431, 0.0000
SKILLS_VEC_173,-7009.4450,1703.6531, 0.8921, 0.3724
SKILLS_VEC_174, 1519.8068,1513.4359,-1.0902, 0.2756
SKILLS_VEC_175,-1649.9635,2069.4211, 2.5577, 0.0105
SKILLS_VEC_176, 5292.9690,1878.9208, 1.0039, 0.3154
SKILLS_VEC_177, 1886.1963,1325.4099, 2.6854, 0.0072
SKILLS_VEC_178, 3559.3157,1353.0299,-1.6383, 0.1014
SKILLS_VEC_179,-2216.6335,1357.1763,-1.1184, 0.2634
SKILLS_VEC_180,-1517.8349,1626.3173,-1.3238, 0.1856
SKILLS_VEC_181,-2152.8971,1445.8217,-2.9993, 0.0027
SKILLS_VEC_182,-4336.3810,1447.6855, 3.0766, 0.0021
SKILLS_VEC_183, 4453.9800,1390.0162, 4.0047, 0.0001
SKILLS_VEC_184, 5566.5957,1809.9997, 4.3360, 0.0000
SKILLS_VEC_185, 7848.2249,1290.7985,-0.5693, 0.5692
SKILLS_VEC_186,-734.8229,1704.2526,-0.4968, 0.6194
SKILLS_VEC_187,-846.6197,1466.8494,-5.5785, 0.0000
SKILLS_VEC_188,-8182.8153,1507.9687,-2.0356, 0.0418
SKILLS_VEC_189,-3069.6356,1730.3067, 1.0925, 0.2746
SKILLS_VEC_190, 1890.3569,1578.4370,-1.4798, 0.1390
SKILLS_VEC_191,-2335.6993,1310.8087,-0.0898, 0.9285
SKILLS_VEC_192,-117.6879,1399.5755,-1.1273, 0.2596
SKILLS_VEC_193,-1577.7187,1409.5111, 1.8178, 0.0691
SKILLS_VEC_194, 2562.2302,1559.2943, 0.6019, 0.5473
SKILLS_VEC_195, 938.4718,1512.1296,-0.2406, 0.8098
SKILLS_VEC_196,-363.8701,1390.1559,-1.8280, 0.0676
SKILLS_VEC_197,-2541.2670,1455.9204,-3.7878, 0.0002
SKILLS_VEC_198,-5514.6854,1559.5176, 6.1266, 0.0000
SKILLS_VEC_199, 9554.4637,1770.1946,-4.4372, 0.0000
SKILLS_VEC_200,-7854.6491,1812.9195, 3.8447, 0.0001
SKILLS_VEC_201, 6970.0695,1662.1535,-2.5827, 0.0098
SKILLS_VEC_202,-4292.7899,1710.7374,-0.1940, 0.8462
SKILLS_VEC_203,-331.8161,1547.5786,-1.5676, 0.1170
SKILLS_VEC_204,-2426.0212,1749.3838,-0.2320, 0.8165
SKILLS_VEC_205,-405.8858,1563.1368,-4.1344, 0.0000
SKILLS_VEC_206,-6462.6243,1410.4782,-1.2278, 0.2195
SKILLS_VEC_207,-1731.8441,1948.4691,-2.7646, 0.0057
SKILLS_VEC_208,-5386.7258,1954.2054,-0.1103, 0.9121
SKILLS_VEC_209,-215.6131,2126.0672,-5.3491, 0.0000
SKILLS_VEC_210,-11372.6308,1696.4364,-3.2227, 0.0013
SKILLS_VEC_211,-5467.1263,1488.8962,-6.0004, 0.0000
SKILLS_VEC_212,-8933.9778,1842.3615, 0.0976, 0.9222
SKILLS_VEC_213, 179.8883,1520.6187, 6.1645, 0.0000
SKILLS_VEC_214, 9373.7836,1546.7646,-1.5923, 0.1113
SKILLS_VEC_215,-2462.9223,1517.2562, 1.3980, 0.1621
SKILLS_VEC_216, 2121.0915,1645.5634, 2.5794, 0.0099
SKILLS_VEC_217, 4244.5955,1915.9732, 0.9101, 0.3628
SKILLS_VEC_218, 1743.7727,1381.2514, 1.5752, 0.1152
SKILLS_VEC_219, 2175.6852,1733.1491,-3.5981, 0.0003
SKILLS_VEC_220,-6236.1025,1411.2068,-1.9538, 0.0507
SKILLS_VEC_221,-2757.2205,1652.0445, 1.3480, 0.1777
SKILLS_VEC_222, 2226.9729,2008.1878,-2.3090, 0.0209
SKILLS_VEC_223,-4636.9608,1948.9716,-1.6259, 0.1040
SKILLS_VEC_224,-3168.9148,2090.3516,-2.5142, 0.0119
SKILLS_VEC_225,-5255.5994,1414.3173,-2.1787, 0.0294
SKILLS_VEC_226,-3081.3410,1519.7529,-2.4443, 0.0145
SKILLS_VEC_227,-3714.6672,1826.5804, 0.6988, 0.4847
SKILLS_VEC_228, 1276.4562,1620.5655,-2.5214, 0.0117
SKILLS_VEC_229,-4086.1097,1844.3131, 3.3957, 0.0007
SKILLS_VEC_230, 6262.6889,1561.5370,-3.8462, 0.0001
SKILLS_VEC_231,-6005.9967,1478.3390,-1.0476, 0.2948
SKILLS_VEC_232,-1548.7496,1516.4782, 5.9853, 0.0000
SKILLS_VEC_233, 9076.5919,1565.3981, 6.3249, 0.0000
SKILLS_VEC_234, 9900.9715,1614.4442,-4.2746, 0.0000
SKILLS_VEC_235,-6901.0950,1798.5627,-1.2174, 0.2235
SKILLS_VEC_236,-2189.5829,1735.2865, 1.6780, 0.0934
SKILLS_VEC_237, 2911.7557,2094.8440, 2.6358, 0.0084
SKILLS_VEC_238, 5521.6244,1718.3863, 0.8994, 0.3685
SKILLS_VEC_239, 1545.4856,1541.5256,-0.9777, 0.3282
SKILLS_VEC_240,-1507.1238,1842.3938, 3.8521, 0.0001
SKILLS_VEC_241, 7097.1133,1663.9557, 0.1107, 0.9118
SKILLS_VEC_242, 184.2653,2324.3234, 0.8487, 0.3961
SKILLS_VEC_243, 1972.5687,1682.3111,-4.8114, 0.0000
SKILLS_VEC_244,-8094.2625,1864.9679,-3.4601, 0.0005
SKILLS_VEC_245,-6452.9177,1600.3288,-1.8111, 0.0701
SKILLS_VEC_246,-2898.3536,1607.5185,-1.3300, 0.1835
SKILLS_VEC_247,-2138.0129,2091.3592, 0.9147, 0.3604
SKILLS_VEC_248, 1912.9426,3839.6856, 4.1947, 0.0000
SKILLS_VEC_249, 16106.4859,1455.4681, 2.8730, 0.0041
SKILLS_VEC_250, 4181.5063,2283.0151,-4.0932, 0.0000
SKILLS_VEC_251,-9344.8811,1700.2276,-2.3376, 0.0194
SKILLS_VEC_252,-3974.4349,1634.9815,-3.6412, 0.0003
SKILLS_VEC_253,-5953.3200,1816.5466, 0.5713, 0.5678
SKILLS_VEC_254, 1037.7723,1768.0029, 0.2779, 0.7811
SKILLS_VEC_255, 491.2492,1487.5930,-2.7597, 0.0058
SKILLS_VEC_256,-4105.2778,2110.3954,-2.4645, 0.0137
SKILLS_VEC_257,-5201.1480,1708.2602, 0.6669, 0.5048
SKILLS_VEC_258, 1139.3066,2045.6732,-0.4441, 0.6570
SKILLS_VEC_259,-908.5476,1832.5579, 0.1938, 0.8463
SKILLS_VEC_260, 355.2147,2852.3406, 2.1782, 0.0294
SKILLS_VEC_261, 6212.8391,1573.1938, 1.2120, 0.2255
SKILLS_VEC_262, 1906.7195,1727.2938, 7.3357, 0.0000
SKILLS_VEC_263, 12670.9231,1743.8009, 1.6384, 0.1013
SKILLS_VEC_264, 2857.0630,1519.6952,-1.2518, 0.2107
SKILLS_VEC_265,-1902.3005,1612.6338, 1.7235, 0.0848
SKILLS_VEC_266, 2779.3184,2101.5491, 0.5657, 0.5716
SKILLS_VEC_267, 1188.7589,2584.3244, 0.3036, 0.7615
SKILLS_VEC_268, 784.5495,1975.1228, 4.0640, 0.0000
SKILLS_VEC_269, 8026.9889,1688.6964,-0.2272, 0.8203
SKILLS_VEC_270,-383.6190,2151.7321, 0.3981, 0.6905
SKILLS_VEC_271, 856.6437,1994.8341,-1.2469, 0.2125
SKILLS_VEC_272,-2487.3264,1737.2151, 0.9000, 0.3681
SKILLS_VEC_273, 1563.4588,2141.3038,-4.7759, 0.0000
SKILLS_VEC_274,-10226.5942,4372.9864,-0.4137, 0.6791
SKILLS_VEC_275,-1808.9728,1751.9602, 4.2756, 0.0000
SKILLS_VEC_276, 7490.6316,1748.5425, 4.8954, 0.0000
SKILLS_VEC_277, 8559.7299,1873.7015, 1.0240, 0.3058
SKILLS_VEC_278, 1918.7135,2033.7266, 0.5838, 0.5594
SKILLS_VEC_279, 1187.1909,1913.7884, 1.3421, 0.1796
SKILLS_VEC_280, 2568.4163,1565.2240, 3.0040, 0.0027
SKILLS_VEC_281, 4701.9856,1908.5205, 1.1974, 0.2312
SKILLS_VEC_282, 2285.2803,2151.3833,-1.2379, 0.2158
SKILLS_VEC_283,-2663.1959,1901.3435, 1.3357, 0.1817
SKILLS_VEC_284, 2539.6600,1784.1656,-1.4440, 0.1488
SKILLS_VEC_285,-2576.2967,1567.9953, 1.2314, 0.2182
SKILLS_VEC_286, 1930.8498,2384.6672,-5.5784, 0.0000
SKILLS_VEC_287,-13302.6459,2473.0744, 0.3230, 0.7467
SKILLS_VEC_288, 798.8439,1712.0464,-5.8915, 0.0000
SKILLS_VEC_289,-10086.5471,1673.5782, 0.9479, 0.3432
SKILLS_VEC_290, 1586.3621,2132.0099,-0.4964, 0.6196
SKILLS_VEC_291,-1058.4252,2035.7798, 0.9523, 0.3409
SKILLS_VEC_292, 1938.6957,1562.9544, 2.9647, 0.0030
SKILLS_VEC_293, 4633.7262,1814.2600,-2.3097, 0.0209
SKILLS_VEC_294,-4190.4794,2046.8209, 0.3392, 0.7345
SKILLS_VEC_295, 694.2408,2139.6138, 1.1072, 0.2682
SKILLS_VEC_296, 2368.8879,1667.6700, 0.5027, 0.6152
SKILLS_VEC_297, 838.3869,7834.5095,-1.7845, 0.0744
SKILLS_VEC_298,-13980.5754,1981.5537, 4.2825, 0.0000
SKILLS_VEC_299, 8485.9774,2018.3298, 3.6121, 0.0003
SKILLS_VEC_300, 7290.3590,1666.6403, 2.5611, 0.0104
SKILLS_VEC_301, 4268.3896,3070.3979, 11.2158, 0.0000
SKILLS_VEC_302, 34436.9123,8025.6025, 2.0711, 0.0384
SKILLS_VEC_303, 16622.0837,1921.4296,-2.8324, 0.0046
SKILLS_VEC_304,-5442.1667,1752.7522,-0.8560, 0.3920
SKILLS_VEC_305,-1500.2980,2122.3402, 0.9365, 0.3490
SKILLS_VEC_306, 1987.5863,1929.2958, 0.3040, 0.7611
SKILLS_VEC_307, 586.5340,1833.7360, 2.4352, 0.0149
SKILLS_VEC_308, 4465.4683,2465.7193, 0.3824, 0.7021
SKILLS_VEC_309, 942.9849,2534.3885, 1.2420, 0.2143
SKILLS_VEC_310, 3147.6550,1990.7433, 3.7465, 0.0002
SKILLS_VEC_311, 7458.3091,2152.1298,-2.0937, 0.0363
SKILLS_VEC_312,-4505.8958,1923.6698, 5.0998, 0.0000
SKILLS_VEC_313, 9810.2681,1726.4271, 1.6883, 0.0914
SKILLS_VEC_314, 2914.6609,1764.1118, 2.1513, 0.0315
SKILLS_VEC_315, 3795.0689,2262.6065, 0.3271, 0.7436
SKILLS_VEC_316, 740.1923,1764.5541, 1.2639, 0.2063
SKILLS_VEC_317, 2230.2830,2089.8098, 2.7859, 0.0053
SKILLS_VEC_318, 5822.0090,1973.0029, 5.6801, 0.0000
SKILLS_VEC_319, 11206.8177,1737.9401, 0.2832, 0.7770
SKILLS_VEC_320, 492.2104,1806.6668, 13.5683, 0.0000
SKILLS_VEC_321, 24513.3278,1833.6977, 0.2366, 0.8130
SKILLS_VEC_322, 433.8106,2042.6803, 0.8621, 0.3886
SKILLS_VEC_323, 1761.0214,1994.2029,-5.5810, 0.0000
SKILLS_VEC_324,-11129.6005,1707.9592, 2.0693, 0.0385
SKILLS_VEC_325, 3534.2503,1902.4602,-4.7387, 0.0000
SKILLS_VEC_326,-9015.2756,1845.8632, 0.4659, 0.6413
SKILLS_VEC_327, 859.9639,2202.2857,-1.9406, 0.0523
SKILLS_VEC_328,-4273.6861,2538.1685,-0.6603, 0.5091
SKILLS_VEC_329,-1675.8986,1989.6309,-3.2723, 0.0011
SKILLS_VEC_330,-6510.7301,1628.7790,-1.6928, 0.0905
SKILLS_VEC_331,-2757.2595,2099.9182,-1.4804, 0.1388
SKILLS_VEC_332,-3108.7995,2030.0366, 1.2065, 0.2277
SKILLS_VEC_333, 2449.1542,1759.1003, 0.9981, 0.3182
SKILLS_VEC_334, 1755.7881,2287.5113,-1.3494, 0.1772
SKILLS_VEC_335,-3086.7193,1985.7508, 0.3153, 0.7525
SKILLS_VEC_336, 626.1908,2040.9719,-1.0048, 0.3150
SKILLS_VEC_337,-2050.7362,2230.2404, 1.3858, 0.1658
SKILLS_VEC_338, 3090.7652,1653.7040, 2.6415, 0.0083
SKILLS_VEC_339, 4368.3040,2158.4903, 0.1699, 0.8651
SKILLS_VEC_340, 366.6564,2249.1379, 1.4399, 0.1499
SKILLS_VEC_341, 3238.5951,1643.0682,-3.6888, 0.0002
SKILLS_VEC_342,-6060.9868,2315.9906, 5.6139, 0.0000
SKILLS_VEC_343, 13001.6740,1948.5808, 2.0217, 0.0432
SKILLS_VEC_344, 3939.3684,2447.8356, 1.1318, 0.2577
SKILLS_VEC_345, 2770.4267,1823.8676,-0.5258, 0.5990
SKILLS_VEC_346,-958.9524,1842.4295, 1.7957, 0.0726
SKILLS_VEC_347, 3308.4380,1701.6864,-0.0871, 0.9306
SKILLS_VEC_348,-148.2533,2679.7659, 19.6550, 0.0000
SKILLS_VEC_349, 52670.6780,1806.5641, 2.6772, 0.0074
SKILLS_VEC_350, 4836.5734,1892.5735,-7.4865, 0.0000
SKILLS_VEC_351,-14168.8228,1830.0550,-3.4847, 0.0005
SKILLS_VEC_352,-6377.1735,2582.4670, 3.4414, 0.0006
SKILLS_VEC_353, 8887.4122,2119.2625, 1.6905, 0.0910
SKILLS_VEC_354, 3582.5192,2092.2843,-3.1749, 0.0015
SKILLS_VEC_355,-6642.7091,3151.2239, 7.3245, 0.0000
SKILLS_VEC_356, 23081.0204,2714.4020,-1.8619, 0.0626
SKILLS_VEC_357,-5054.0166,2304.1116,-3.2439, 0.0012
SKILLS_VEC_358,-7474.3539,2299.5552,-1.4247, 0.1542
SKILLS_VEC_359,-3276.2400,1783.0371,-2.5485, 0.0108
SKILLS_VEC_360,-4544.0573,1939.0002, 0.9976, 0.3185
SKILLS_VEC_361, 1934.3339,2276.2694, 2.7916, 0.0052
SKILLS_VEC_362, 6354.3691,1969.8224, 0.8231, 0.4105
SKILLS_VEC_363, 1621.3213,1798.5781, 0.8574, 0.3912
SKILLS_VEC_364, 1542.1759,2242.7544,-4.0243, 0.0001
SKILLS_VEC_365,-9025.5221,2297.9774, 4.5644, 0.0000
SKILLS_VEC_366, 10488.8141,2080.6524,-1.5363, 0.1245
SKILLS_VEC_367,-3196.5334,1897.1504,-1.8635, 0.0624
SKILLS_VEC_368,-3535.3589,2018.6916, 3.1455, 0.0017
SKILLS_VEC_369, 6349.8646,2185.9185,-0.0408, 0.9674
SKILLS_VEC_370,-89.2168,2217.6444,-1.7936, 0.0729
SKILLS_VEC_371,-3977.4705,3963.4032,-6.2351, 0.0000
SKILLS_VEC_372,-24712.0710,1750.3798, 6.0510, 0.0000
SKILLS_VEC_373, 10591.5267,2469.4918,-0.2914, 0.7707
SKILLS_VEC_374,-719.6716,2237.8078, 0.1405, 0.8882
SKILLS_VEC_375, 314.5156,3337.6888, 2.8329, 0.0046
SKILLS_VEC_376, 9455.3082,1960.2414,-3.9608, 0.0001
SKILLS_VEC_377,-7764.1743,2017.5064,-0.6917, 0.4891
SKILLS_VEC_378,-1395.4805,2625.6824, 4.8579, 0.0000
SKILLS_VEC_379, 12755.3376,1968.4556, 2.0527, 0.0401
SKILLS_VEC_380, 4040.6022,2407.4535,-0.5299, 0.5962
SKILLS_VEC_381,-1275.7598,2374.8907, 4.2208, 0.0000
SKILLS_VEC_382, 10023.9298,2004.6013,-3.2142, 0.0013
SKILLS_VEC_383,-6443.1797,2024.2657, 2.6882, 0.0072
SKILLS_VEC_384, 5441.7321,1865.6949, 2.8704, 0.0041
SKILLS_VEC_385, 5355.2806,1808.5893, 2.0426, 0.0411
SKILLS_VEC_386, 3694.2665,2272.9155, 0.5093, 0.6105
SKILLS_VEC_387, 1157.6632,2161.5479,-0.2487, 0.8036
SKILLS_VEC_388,-537.5572,2061.3814, 3.1473, 0.0016
SKILLS_VEC_389, 6487.8283,2231.4116, 0.8934, 0.3716
SKILLS_VEC_390, 1993.5680,2399.4957, 0.6309, 0.5281
SKILLS_VEC_391, 1513.8972,1961.2722,-1.0338, 0.3012
SKILLS_VEC_392,-2027.5739,2275.9509, 0.4254, 0.6705
SKILLS_VEC_393, 968.2551,1997.7239,-3.3569, 0.0008
SKILLS_VEC_394,-6706.0856,1951.9458,-2.0536, 0.0400
SKILLS_VEC_395,-4008.4213,2217.3314, 1.4807, 0.1387
SKILLS_VEC_396, 3283.1558,2080.6419, 8.8912, 0.0000
SKILLS_VEC_397, 18499.3862,2196.6144, 2.3684, 0.0179
SKILLS_VEC_398, 5202.3774,2134.3900, 0.9883, 0.3230
SKILLS_VEC_399, 2109.5052,3487.9130, 1.1481, 0.2509
SKILLS_VEC_400, 4004.3856,4881.1956,-2.4038, 0.0162
SKILLS_VEC_401,-11733.5265,2000.6487, 3.8399, 0.0001
SKILLS_VEC_402, 7682.2594,2038.3657, 1.5468, 0.1219
SKILLS_VEC_403, 3152.8780,2608.5525, 5.9849, 0.0000
SKILLS_VEC_404, 15611.8974,2535.2437,-2.4350, 0.0149
SKILLS_VEC_405,-6173.3538,1663.2509,-33.1119, 0.0000
SKILLS_VEC_406,-55073.3166,1992.7909,-0.0582, 0.9536
SKILLS_VEC_407,-115.9649,2434.4096,-1.2146, 0.2245
SKILLS_VEC_408,-2956.8068,1779.5717,-1.2567, 0.2089
SKILLS_VEC_409,-2236.4455,2159.6989,-0.5150, 0.6065
SKILLS_VEC_410,-1112.3510,2020.9340, 3.7256, 0.0002
SKILLS_VEC_411, 7529.2731,2134.5371,-1.8962, 0.0579
SKILLS_VEC_412,-4047.4813,2098.8207, 0.5833, 0.5597
SKILLS_VEC_413, 1224.1437,2370.3749, 0.1015, 0.9192
SKILLS_VEC_414, 240.5249,1978.9647, 4.6092, 0.0000
SKILLS_VEC_415, 9121.4485,2336.4578,-1.6464, 0.0997
SKILLS_VEC_416,-3846.8523,2133.4426,-0.8605, 0.3895
SKILLS_VEC_417,-1835.7604,2495.1648,-7.9358, 0.0000
SKILLS_VEC_418,-19801.0404,2161.4093, 0.4021, 0.6876
SKILLS_VEC_419, 869.0354,2109.8210, 3.9310, 0.0001
SKILLS_VEC_420, 8293.6793,1797.0616,-0.3596, 0.7191
SKILLS_VEC_421,-646.2946,2015.6645,-1.6853, 0.0919
SKILLS_VEC_422,-3397.0292,1865.2002, 1.1910, 0.2336
SKILLS_VEC_423, 2221.5278,2379.3077, 0.4349, 0.6636
SKILLS_VEC_424, 1034.7569,2377.7543, 5.7352, 0.0000
SKILLS_VEC_425, 13636.9782,1886.1554, 1.0238, 0.3059
SKILLS_VEC_426, 1931.0382,2184.6342,-4.2381, 0.0000
SKILLS_VEC_427,-9258.8070,2409.1680,-1.0766, 0.2817
SKILLS_VEC_428,-2593.7231,2268.0461, 0.1339, 0.8935
SKILLS_VEC_429, 303.6818,2099.7849,-1.1202, 0.2626
SKILLS_VEC_430,-2352.2004,2077.6960,-0.6857, 0.4929
SKILLS_VEC_431,-1424.6366,1921.8947, 0.2510, 0.8018
SKILLS_VEC_432, 482.4397,2503.1031, 0.7001, 0.4838
SKILLS_VEC_433, 1752.5458,2108.7467, 5.3070, 0.0000
SKILLS_VEC_434, 11191.1429,2651.3321, 0.2820, 0.7779
SKILLS_VEC_435, 747.6763,2039.3820,-1.5518, 0.1207
SKILLS_VEC_436,-3164.7245,2970.0069, 3.0663, 0.0022
SKILLS_VEC_437, 9106.8828,2069.3276, 1.1350, 0.2564
SKILLS_VEC_438, 2348.6227,3561.3664,-3.4702, 0.0005
SKILLS_VEC_439,-12358.8166,1826.9107,-2.4396, 0.0147
SKILLS_VEC_440,-4456.9824,3485.2230, 2.9976, 0.0027
SKILLS_VEC_441, 10447.2874,3733.5961, 1.1077, 0.2680
SKILLS_VEC_442, 4135.7777,2644.9366,-1.7293, 0.0838
SKILLS_VEC_443,-4573.9039,1961.3759,-1.7725, 0.0763
SKILLS_VEC_444,-3476.5381,4275.5643, 0.9834, 0.3254
SKILLS_VEC_445, 4204.3973,2029.7795, 2.7040, 0.0069
SKILLS_VEC_446, 5488.4635,2291.2010,-0.0109, 0.9913
SKILLS_VEC_447,-24.9161,2326.7282,-4.2304, 0.0000
SKILLS_VEC_448,-9842.9601,2529.5218,-2.3130, 0.0207
SKILLS_VEC_449,-5850.8698,2254.1147, 0.4381, 0.6613
SKILLS_VEC_450, 987.6340,3860.6931, 1.5669, 0.1172
SKILLS_VEC_451, 6049.1379,2228.0523,-1.2418, 0.2143
SKILLS_VEC_452,-2766.8249,1965.9778, 6.4297, 0.0000
SKILLS_VEC_453, 12640.6744,1968.2613,-0.1992, 0.8421
SKILLS_VEC_454,-392.0396,2964.1756, 0.4919, 0.6228
SKILLS_VEC_455, 1458.0560,2248.5726, 2.0481, 0.0406
SKILLS_VEC_456, 4605.3293,2210.3281, 2.8211, 0.0048
SKILLS_VEC_457, 6235.6126,2248.8067,-2.8832, 0.0039
SKILLS_VEC_458,-6483.7084,2295.4856, 4.5180, 0.0000
SKILLS_VEC_459, 10370.9769,2481.8218, 2.0759, 0.0379
SKILLS_VEC_460, 5152.0204,1904.2203, 5.4425, 0.0000
SKILLS_VEC_461, 10363.7445,1945.7537, 0.5506, 0.5819
SKILLS_VEC_462, 1071.3727,2131.8283, 0.7499, 0.4533
SKILLS_VEC_463, 1598.7115,2474.8078,-1.5716, 0.1161
SKILLS_VEC_464,-3889.3759,2111.9878, 1.3165, 0.1880
SKILLS_VEC_465, 2780.3886,2084.6633,-2.6127, 0.0090
SKILLS_VEC_466,-5446.5056,2585.1980, 4.3576, 0.0000
SKILLS_VEC_467, 11265.2955,2896.1591,-1.2627, 0.2067
SKILLS_VEC_468,-3656.9715,4711.2243,-2.1769, 0.0295
SKILLS_VEC_469,-10255.8831,2149.9460,-0.9937, 0.3204
SKILLS_VEC_470,-2136.3767,2007.1962, 5.2513, 0.0000
SKILLS_VEC_471, 10540.4225,2294.0360,-3.4812, 0.0005
SKILLS_VEC_472,-7985.9381,2146.7161, 1.4336, 0.1517
SKILLS_VEC_473, 3077.4293,2062.7506, 0.3618, 0.7175
SKILLS_VEC_474, 746.2825,2943.6717, 1.0620, 0.2882
SKILLS_VEC_475, 3126.2811,2309.8270, 2.5632, 0.0104
SKILLS_VEC_476, 5920.4363,2455.3099,-1.2170, 0.2236
SKILLS_VEC_477,-2988.1887,2216.2750,-0.1421, 0.8870
SKILLS_VEC_478,-314.9150,2899.4763,-4.9048, 0.0000
SKILLS_VEC_479,-14221.3308,3328.9946,-2.5576, 0.0105
SKILLS_VEC_480,-8514.3804,3006.5572,-0.9507, 0.3418
SKILLS_VEC_481,-2858.2154,2336.2920, 0.5267, 0.5984
SKILLS_VEC_482, 1230.6325,2930.7229, 0.2448, 0.8066
SKILLS_VEC_483, 717.4584,2619.4914, 4.3109, 0.0000
SKILLS_VEC_484, 11292.3332,2204.4809, 1.2995, 0.1938
SKILLS_VEC_485, 2864.7486,2308.1834, 2.8375, 0.0046
SKILLS_VEC_486, 6549.4528,2325.0825, 2.5520, 0.0107
SKILLS_VEC_487, 5933.5534,2752.3986, 4.3338, 0.0000
SKILLS_VEC_488, 11928.2835,1974.1847, 1.1684, 0.2427
SKILLS_VEC_489, 2306.5464,2042.7357, 6.7748, 0.0000
SKILLS_VEC_490, 13839.1213,2846.6623,-0.3539, 0.7234
SKILLS_VEC_491,-1007.5301,2194.0989, 2.9219, 0.0035
SKILLS_VEC_492, 6410.9626,3303.1619, 0.0201, 0.9840
SKILLS_VEC_493, 66.2986,3049.3177, 0.6599, 0.5093
SKILLS_VEC_494, 2012.3574,3898.7688,-5.8037, 0.0000
SKILLS_VEC_495,-22627.1020,2108.3727,-1.1325, 0.2574
SKILLS_VEC_496,-2387.7444,2273.8345, 1.9410, 0.0523
SKILLS_VEC_497, 4413.4754,2057.8851,-0.5489, 0.5830
SKILLS_VEC_498,-1129.6592,3086.7606, 3.5799, 0.0003
SKILLS_VEC_499, 11050.1527,2033.4646,-1.9045, 0.0569
SKILLS_VEC_500,-3872.8064,2125.3281,-1.1948, 0.2322
SKILLS_VEC_501,-2539.3959,2705.4009,-3.2959, 0.0010
SKILLS_VEC_502,-8916.7183,2247.4501, 1.6214, 0.1049
SKILLS_VEC_503, 3644.0237,5675.9973,-1.7620, 0.0781
SKILLS_VEC_504,-10001.2113,2938.1922, 2.0789, 0.0376
SKILLS_VEC_505, 6108.1996,2252.2342, 2.2444, 0.0248
SKILLS_VEC_506, 5054.8292,2460.1869, 1.0913, 0.2751
SKILLS_VEC_507, 2684.8319,2884.7506,-3.8847, 0.0001
SKILLS_VEC_508,-11206.4467,2350.7044, 0.2820, 0.7779
SKILLS_VEC_509, 663.0103,2314.1565, 0.3818, 0.7026
SKILLS_VEC_510, 883.5237,2243.2117,-0.8653, 0.3869
SKILLS_VEC_511,-1940.9530,2294.4401, 1.4003, 0.1614
SKILLS_VEC_512, 3212.8666,2241.1237, 0.7530, 0.4515
SKILLS_VEC_513, 1687.4771,2086.9113, 3.0510, 0.0023
SKILLS_VEC_514, 6367.0642,2442.8121, 5.2346, 0.0000
SKILLS_VEC_515, 12787.2297,2391.3469, 0.8889, 0.3741
SKILLS_VEC_516, 2125.5641,2612.6286,-1.8559, 0.0635
SKILLS_VEC_517,-4848.8363,2124.8251, 1.7612, 0.0782
SKILLS_VEC_518, 3742.2794,2007.3950, 0.6262, 0.5312
SKILLS_VEC_519, 1257.0200,6825.4001, 0.8625, 0.3884
SKILLS_VEC_520, 5887.0150,2575.2715, 0.2655, 0.7907
SKILLS_VEC_521, 683.6179,2956.3148, 1.2084, 0.2269
SKILLS_VEC_522, 3572.3524,3651.6422,-1.8122, 0.0700
SKILLS_VEC_523,-6617.3427,2247.6521, 0.4073, 0.6838
SKILLS_VEC_524, 915.3846,2157.0223,-1.9220, 0.0546
SKILLS_VEC_525,-4145.8980,2032.5902,-3.5556, 0.0004
SKILLS_VEC_526,-7227.1502,2753.7239, 3.3744, 0.0007
SKILLS_VEC_527, 9292.2599,2874.0232, 1.1865, 0.2354
SKILLS_VEC_528, 3410.0056,3102.9852, 2.8220, 0.0048
SKILLS_VEC_529, 8756.5713,3222.2501, 0.8709, 0.3838
SKILLS_VEC_530, 2806.2031,2394.3714,-2.9483, 0.0032
SKILLS_VEC_531,-7059.4259,2320.4817, 1.8729, 0.0611
SKILLS_VEC_532, 4346.1208,2207.0821,-1.0651, 0.2868
SKILLS_VEC_533,-2350.7448,2464.5400, 2.0194, 0.0435
SKILLS_VEC_534, 4976.8118,2129.0534,-1.1006, 0.2711
SKILLS_VEC_535,-2343.1640,2244.2499, 0.5721, 0.5672
SKILLS_VEC_536, 1284.0201,2703.6166,-1.7567, 0.0790
SKILLS_VEC_537,-4749.5597,2259.4030,-2.1202, 0.0340
SKILLS_VEC_538,-4790.4917,2237.8575, 2.4104, 0.0159
SKILLS_VEC_539, 5394.0812,2621.4682,-1.7899, 0.0735
SKILLS_VEC_540,-4692.0413,2494.2045, 2.2840, 0.0224
SKILLS_VEC_541, 5696.8354,2038.1199, 0.3495, 0.7267
SKILLS_VEC_542, 712.3011,2171.3664, 4.4122, 0.0000
SKILLS_VEC_543, 9580.6084,2934.6735, 1.8222, 0.0684
SKILLS_VEC_544, 5347.6839,2376.7615, 1.8794, 0.0602
SKILLS_VEC_545, 4466.7947,3291.9384,-4.3945, 0.0000
SKILLS_VEC_546,-14466.4381,3026.7957, 0.8458, 0.3977
SKILLS_VEC_547, 2559.9629,3160.3176, 0.0676, 0.9461
SKILLS_VEC_548, 213.7679,2108.4090,-2.1086, 0.0350
SKILLS_VEC_549,-4445.8111,2284.1800, 0.2150, 0.8298
SKILLS_VEC_550, 491.1118,2222.7888, 0.6856, 0.4930
SKILLS_VEC_551, 1524.0021,2243.5892,-2.0304, 0.0423
SKILLS_VEC_552,-4555.3246,4255.7106,-1.4335, 0.1517
SKILLS_VEC_553,-6100.6397,2874.3329, 0.9306, 0.3521
SKILLS_VEC_554, 2674.8638,2230.5512, 5.7013, 0.0000
SKILLS_VEC_555, 12716.9774,3284.6510,-1.3124, 0.1894
SKILLS_VEC_556,-4310.8964,2394.2454,-2.9800, 0.0029
SKILLS_VEC_557,-7134.7490,2152.6150, 2.8816, 0.0040
SKILLS_VEC_558, 6202.9549,2443.3345, 0.7376, 0.4608
SKILLS_VEC_559, 1802.2254,2943.3851,-1.0023, 0.3162
SKILLS_VEC_560,-2950.2782,2154.2185, 6.3403, 0.0000
SKILLS_VEC_561, 13658.3247,2195.1573, 2.6715, 0.0076
SKILLS_VEC_562, 5864.3162,2225.4711, 3.5647, 0.0004
SKILLS_VEC_563, 7933.1837,2464.9315, 4.3799, 0.0000
SKILLS_VEC_564, 10796.1350,9797.1238,-0.6482, 0.5168
SKILLS_VEC_565,-6350.6639,2200.8506,-4.4186, 0.0000
SKILLS_VEC_566,-9724.6834,2840.0954,-1.5441, 0.1226
SKILLS_VEC_567,-4385.4391,2417.6171, 3.9981, 0.0001
SKILLS_VEC_568, 9665.9041,3505.0293, 0.5660, 0.5714
SKILLS_VEC_569, 1983.8141,2139.9209,-1.0330, 0.3016
SKILLS_VEC_570,-2210.6222,2340.6227, 2.3337, 0.0196
SKILLS_VEC_571, 5462.2099,2299.5856, 4.8151, 0.0000
SKILLS_VEC_572, 11072.7268,2629.3658, 2.8877, 0.0039
SKILLS_VEC_573, 7592.7966,2903.9794, 1.1866, 0.2354
SKILLS_VEC_574, 3445.9236,2309.3496, 3.2821, 0.0010
SKILLS_VEC_575, 7579.5183,2263.2751,-1.2822, 0.1998
SKILLS_VEC_576,-2901.9590,2956.2876, 3.6103, 0.0003
SKILLS_VEC_577, 10673.0994,4582.4878, 5.1148, 0.0000
SKILLS_VEC_578, 23438.6628,2812.8627, 1.3516, 0.1765
SKILLS_VEC_579, 3801.8744,2647.6327, 3.6557, 0.0003
SKILLS_VEC_580, 9678.8213,2436.2989,-3.1573, 0.0016
SKILLS_VEC_581,-7692.0476,2728.2010,-0.5362, 0.5918
SKILLS_VEC_582,-1462.9898,2727.4568, 3.9013, 0.0001
SKILLS_VEC_583, 10640.6687,2560.2017,-5.6805, 0.0000
SKILLS_VEC_584,-14543.2037,2325.8081, 0.5199, 0.6031
SKILLS_VEC_585, 1209.1517,2207.7773,-2.2860, 0.0223
SKILLS_VEC_586,-5046.9854,2978.0560,-0.5855, 0.5582
SKILLS_VEC_587,-1743.7393,2703.2573, 1.2824, 0.1997
SKILLS_VEC_588, 3466.6523,2506.1643, 3.2620, 0.0011
SKILLS_VEC_589, 8175.1177,5025.0030, 1.1619, 0.2453
SKILLS_VEC_590, 5838.7605,2124.2677,-1.0777, 0.2812
SKILLS_VEC_591,-2289.2727,2396.0647, 0.1836, 0.8543
SKILLS_VEC_592, 439.9850,3340.9457, 3.7126, 0.0002
SKILLS_VEC_593, 12403.6137,2230.9185,-1.7440, 0.0812
SKILLS_VEC_594,-3890.6322,2422.2170, 0.6875, 0.4918
SKILLS_VEC_595, 1665.2298,2159.7986,-1.0540, 0.2919
SKILLS_VEC_596,-2276.4380,3058.5405,-0.4332, 0.6649
SKILLS_VEC_597,-1324.8249,2558.3724,-2.7342, 0.0063
SKILLS_VEC_598,-6995.1976,2424.1507,-4.2788, 0.0000
SKILLS_VEC_599,-10372.5682,2716.8729, 0.3148, 0.7529
SKILLS_VEC_600, 855.2927,3346.5104,-1.8301, 0.0672
SKILLS_VEC_601,-6124.4203,2348.2644,-2.6097, 0.0091
SKILLS_VEC_602,-6128.2134,2235.3930, 1.7665, 0.0773
SKILLS_VEC_603, 3948.8294,3509.5525,-0.1270, 0.8989
SKILLS_VEC_604,-445.7320,2228.3061, 4.5494, 0.0000
SKILLS_VEC_605, 10137.4530,3012.4539,-0.5637, 0.5729
SKILLS_VEC_606,-1698.2257,2585.0944, 3.4992, 0.0005
SKILLS_VEC_607, 9045.6489,2381.0397, 1.9278, 0.0539
SKILLS_VEC_608, 4590.2012,2356.1596,-2.6278, 0.0086
SKILLS_VEC_609,-6191.6316,4365.7353,-1.1351, 0.2563
SKILLS_VEC_610,-4955.5625,2278.6852, 3.5899, 0.0003
SKILLS_VEC_611, 8180.1789,5015.3624, 0.2940, 0.7688
SKILLS_VEC_612, 1474.3015,5311.3945,-2.9314, 0.0034
SKILLS_VEC_613,-15569.6063,4137.5051,-5.4035, 0.0000
SKILLS_VEC_614,-22356.9931,2428.3036, 1.9959, 0.0459
SKILLS_VEC_615, 4846.7709,2587.2553, 1.1673, 0.2431
SKILLS_VEC_616, 3020.1722,2927.8803, 2.0421, 0.0412
SKILLS_VEC_617, 5979.0460,2410.0605, 1.6833, 0.0923
SKILLS_VEC_618, 4056.9106,2604.1038, 3.1006, 0.0019
SKILLS_VEC_619, 8074.1939,2498.8192,-2.8608, 0.0042
SKILLS_VEC_620,-7148.6972,2528.9134, 2.1224, 0.0338
SKILLS_VEC_621, 5367.3593,3238.0506, 0.2249, 0.8221
SKILLS_VEC_622, 728.2235,3241.6121, 1.2842, 0.1991
SKILLS_VEC_623, 4162.9856,2195.0591,-3.4323, 0.0006
SKILLS_VEC_624,-7534.1452,4515.0209, 4.4753, 0.0000
SKILLS_VEC_625, 20206.2069,2161.6161,-6.5145, 0.0000
SKILLS_VEC_626,-14081.9264,3188.6448, 6.9383, 0.0000
SKILLS_VEC_627, 22123.7372,2310.3557, 2.3199, 0.0204
SKILLS_VEC_628, 5359.8924,3126.7890,-2.0551, 0.0399
SKILLS_VEC_629,-6425.7972,2711.3682,-1.9745, 0.0483
SKILLS_VEC_630,-5353.5079,3339.0367,-3.2114, 0.0013
SKILLS_VEC_631,-10723.0420,2328.0504,-0.7341, 0.4629
SKILLS_VEC_632,-1708.9695,4929.2971, 0.8416, 0.4000
SKILLS_VEC_633, 4148.2892,2358.8992, 1.7649, 0.0776
SKILLS_VEC_634, 4163.1374,3535.0573,-2.0743, 0.0381
SKILLS_VEC_635,-7332.6177,3830.1267,-2.0372, 0.0416
SKILLS_VEC_636,-7802.8688,3239.3770, 4.3090, 0.0000
SKILLS_VEC_637, 13958.4220,3107.6927, 4.4149, 0.0000
SKILLS_VEC_638, 13720.1147,3441.4499,-0.4988, 0.6179
SKILLS_VEC_639,-1716.4801,2448.1466,-1.3448, 0.1787
SKILLS_VEC_640,-3292.3433,3019.8354, 0.9380, 0.3482
SKILLS_VEC_641, 2832.6630,2771.9923,-0.1416, 0.8874
SKILLS_VEC_642,-392.5997,2554.2040,-1.4660, 0.1426
SKILLS_VEC_643,-3744.5790,2334.5181, 0.4594, 0.6460
SKILLS_VEC_644, 1072.4556,2353.0137, 0.8984, 0.3690
SKILLS_VEC_645, 2114.0265,2542.9193, 2.1342, 0.0328
SKILLS_VEC_646, 5427.1958,3677.7267, 0.3145, 0.7531
SKILLS_VEC_647, 1156.7181,2774.1437, 0.1962, 0.8445
SKILLS_VEC_648, 544.2699,2583.7239, 0.7943, 0.4270
SKILLS_VEC_649, 2052.2982,3117.3872,-1.4691, 0.1418
SKILLS_VEC_650,-4579.6055,2796.3421, 2.4693, 0.0135
SKILLS_VEC_651, 6904.9715,3627.0604, 1.9052, 0.0568
SKILLS_VEC_652, 6910.4037,2233.7058, 1.7271, 0.0842
SKILLS_VEC_653, 3857.7286,2609.0508,-0.6109, 0.5413
SKILLS_VEC_654,-1593.8089,2320.3270,-0.4547, 0.6494
SKILLS_VEC_655,-1054.9801,2794.4825,-2.7964, 0.0052
SKILLS_VEC_656,-7814.4980,2480.1966,-0.3194, 0.7494
SKILLS_VEC_657,-792.1085,2811.4113,-1.5056, 0.1322
SKILLS_VEC_658,-4232.9879,2628.8953, 1.7343, 0.0829
SKILLS_VEC_659, 4559.4112,2456.0460,-0.9985, 0.3180
SKILLS_VEC_660,-2452.4371,3095.6673,-2.1203, 0.0340
SKILLS_VEC_661,-6563.6139,2469.7805,-2.0146, 0.0440
SKILLS_VEC_662,-4975.6992,5100.4011, 6.5962, 0.0000
SKILLS_VEC_663, 33643.3090,2558.2546, 1.5921, 0.1114
SKILLS_VEC_664, 4073.0704,2344.6628, 0.6522, 0.5142
SKILLS_VEC_665, 1529.3059,3202.9532, 3.3871, 0.0007
SKILLS_VEC_666, 10848.6301,3187.4992,-0.4262, 0.6700
SKILLS_VEC_667,-1358.3723,2504.3762,-2.7438, 0.0061
SKILLS_VEC_668,-6871.4449,2873.6569, 2.7928, 0.0052
SKILLS_VEC_669, 8025.4798,2336.5103,-9.0177, 0.0000
SKILLS_VEC_670,-21069.8403,2725.8368,-0.0260, 0.9793
SKILLS_VEC_671,-70.8231,2987.7351, 1.6795, 0.0931
SKILLS_VEC_672, 5017.8873,2521.0533, 2.1558, 0.0311
SKILLS_VEC_673, 5434.8458,3631.3804,-3.3060, 0.0009
SKILLS_VEC_674,-12005.1864,3077.2519,-0.6883, 0.4913
SKILLS_VEC_675,-2118.0785,2441.1744,-3.7619, 0.0002
SKILLS_VEC_676,-9183.5424,2854.8207, 6.5873, 0.0000
SKILLS_VEC_677, 18805.4616,2333.2362, 3.2022, 0.0014
SKILLS_VEC_678, 7471.5957,4636.7331, 0.2530, 0.8003
SKILLS_VEC_679, 1173.2055,2861.3485, 5.4602, 0.0000
SKILLS_VEC_680, 15623.4279,3521.9449,-1.3309, 0.1832
SKILLS_VEC_681,-4687.3036,3090.3012, 2.2604, 0.0238
SKILLS_VEC_682, 6985.4560,3136.2910,-2.9153, 0.0036
SKILLS_VEC_683,-9143.3432,2476.8328, 3.9433, 0.0001
SKILLS_VEC_684, 9766.9511,3142.4907, 1.5260, 0.1270
SKILLS_VEC_685, 4795.3510,3493.8186, 3.5262, 0.0004
SKILLS_VEC_686, 12319.9911,3366.5344,-4.2041, 0.0000
SKILLS_VEC_687,-14153.1386,2810.1284,-3.7458, 0.0002
SKILLS_VEC_688,-10526.2130,5372.9950,-0.9831, 0.3255
SKILLS_VEC_689,-5282.4476,2462.1340, 1.2667, 0.2053
SKILLS_VEC_690, 3118.7194,3214.3112,-0.3868, 0.6989
SKILLS_VEC_691,-1243.2908,3498.4793,-0.5997, 0.5487
SKILLS_VEC_692,-2098.0349,2659.4167, 3.2835, 0.0010
SKILLS_VEC_693, 8732.1752,2407.9203, 0.5810, 0.5612
SKILLS_VEC_694, 1399.0167,3638.9425,-4.1750, 0.0000
SKILLS_VEC_695,-15192.6261,2792.6560, 4.2941, 0.0000
SKILLS_VEC_696, 11991.9976,3554.5991,-0.7715, 0.4404
SKILLS_VEC_697,-2742.3482,2936.8783, 0.2500, 0.8026
SKILLS_VEC_698, 734.3368,2895.1441,-2.6097, 0.0091
SKILLS_VEC_699,-7555.4460,5388.8495,-0.8880, 0.3746
SKILLS_VEC_700,-4785.0532,2467.1753, 1.0691, 0.2850
SKILLS_VEC_701, 2637.6190,2302.3606, 1.1141, 0.2652
SKILLS_VEC_702, 2565.0835,3092.6895,-1.9146, 0.0556
SKILLS_VEC_703,-5921.1125,2635.9122,-0.4760, 0.6341
SKILLS_VEC_704,-1254.7810,2609.2497,-0.5578, 0.5770
SKILLS_VEC_705,-1455.5398,3223.5173, 1.9769, 0.0481
SKILLS_VEC_706, 6372.7104,2557.2283, 2.2530, 0.0243
SKILLS_VEC_707, 5761.3507,3672.2523, 1.1465, 0.2516
SKILLS_VEC_708, 4210.1575,2492.9825, 1.9341, 0.0531
SKILLS_VEC_709, 4821.7369,3004.8602,-3.4635, 0.0005
SKILLS_VEC_710,-10407.2755,3635.8186, 2.2018, 0.0277
SKILLS_VEC_711, 8005.3842,3104.2475,-0.2278, 0.8198
SKILLS_VEC_712,-707.2835,3642.1083,-1.0920, 0.2748
SKILLS_VEC_713,-3977.2480,2658.5167, 0.1339, 0.8935
SKILLS_VEC_714, 355.8759,3342.3825, 7.4577, 0.0000
SKILLS_VEC_715, 24926.4780,3127.6974,-2.6230, 0.0087
SKILLS_VEC_716,-8204.0893,2457.9798,-1.6696, 0.0950
SKILLS_VEC_717,-4103.8739,3146.8814,-2.3177, 0.0205
SKILLS_VEC_718,-7293.3800,2911.5583,-0.6815, 0.4956
SKILLS_VEC_719,-1984.2229,2483.0557, 0.4871, 0.6262
SKILLS_VEC_720, 1209.5986,3650.1060,-2.4514, 0.0142
SKILLS_VEC_721,-8947.8818,2904.7654, 0.7596, 0.4475
SKILLS_VEC_722, 2206.3978,4027.6070, 1.5198, 0.1286
SKILLS_VEC_723, 6121.0153,2467.1036,-2.4443, 0.0145
SKILLS_VEC_724,-6030.4156,2586.9961,-5.5492, 0.0000
SKILLS_VEC_725,-14355.8014,4107.5433, 0.3323, 0.7396
SKILLS_VEC_726, 1365.0587,3783.0041,-0.1177, 0.9063
SKILLS_VEC_727,-445.3851,3285.8677,-2.9620, 0.0031
SKILLS_VEC_728,-9732.7316,5517.3288,-4.5904, 0.0000
SKILLS_VEC_729,-25326.7657,2538.2204, 1.4970, 0.1344
SKILLS_VEC_730, 3799.7801,2607.8560,-2.3600, 0.0183
SKILLS_VEC_731,-6154.5564,2868.7054, 1.5307, 0.1259
SKILLS_VEC_732, 4391.1834,3727.4714, 3.4503, 0.0006
SKILLS_VEC_733, 12861.0547,3522.0161,-3.3069, 0.0009
SKILLS_VEC_734,-11646.8374,3026.8018, 2.9241, 0.0035
SKILLS_VEC_735, 8850.5619,4402.2303,-0.0605, 0.9518
SKILLS_VEC_736,-266.3319,6075.5583, 4.3369, 0.0000
SKILLS_VEC_737, 26348.9700,6088.1420, 2.8000, 0.0051
SKILLS_VEC_738, 17047.0039,4154.7992, 0.1998, 0.8417
SKILLS_VEC_739, 830.0229,2813.3904, 2.9631, 0.0030
SKILLS_VEC_740, 8336.2513,2898.0688,-2.3694, 0.0178
SKILLS_VEC_741,-6866.6635,3502.7788, 2.5904, 0.0096
SKILLS_VEC_742, 9073.7661,3344.9963, 1.9055, 0.0567
SKILLS_VEC_743, 6373.8522,3449.2411,-2.8405, 0.0045
SKILLS_VEC_744,-9797.5414,2608.9657,-1.9311, 0.0535
SKILLS_VEC_745,-5038.1070,5635.2187, 0.4435, 0.6574
SKILLS_VEC_746, 2499.1693,3101.1113,-1.3484, 0.1775
SKILLS_VEC_747,-4181.6116,2491.8250,-4.2193, 0.0000
SKILLS_VEC_748,-10513.7088,3104.4520, 2.9670, 0.0030
SKILLS_VEC_749, 9210.8764,3314.4613,-0.2634, 0.7923
SKILLS_VEC_750,-872.9486,3138.0231,-1.6517, 0.0986
SKILLS_VEC_751,-5183.2107,3080.8096,-2.9784, 0.0029
SKILLS_VEC_752,-9175.8563,2767.8770,-0.1358, 0.8920
SKILLS_VEC_753,-375.7796,2966.3378, 2.6788, 0.0074
SKILLS_VEC_754, 7946.3528,3248.5238, 0.4501, 0.6526
SKILLS_VEC_755, 1462.2261,4068.7814, 2.8175, 0.0048
SKILLS_VEC_756, 11463.8630,2638.5589, 0.5113, 0.6091
SKILLS_VEC_757, 1349.0908,2808.7870, 2.9131, 0.0036
SKILLS_VEC_758, 8182.2169,3283.9489,-1.8996, 0.0575
SKILLS_VEC_759,-6238.0382,3038.4448, 2.7115, 0.0067
SKILLS_VEC_760, 8238.7488,2588.4712, 0.7918, 0.4285
SKILLS_VEC_761, 2049.6109,2932.5471,-2.7071, 0.0068
SKILLS_VEC_762,-7938.5921,2898.5599, 3.5285, 0.0004
SKILLS_VEC_763, 10227.6671,4209.3617,-2.0953, 0.0362
SKILLS_VEC_764,-8819.8931,3052.6474,-0.6634, 0.5071
SKILLS_VEC_765,-2025.1185,2581.7753,-1.6302, 0.1031
SKILLS_VEC_766,-4208.9350,3247.5304,-1.3065, 0.1914
SKILLS_VEC_767,-4242.9989,2622.8391,-0.4024, 0.6874
SKILLS_VEC_768,-1055.4231,2710.9908,-1.9237, 0.0544
SKILLS_VEC_769,-5215.1365,2901.9505,-1.9451, 0.0518
SKILLS_VEC_770,-5644.5067,2672.4939,-2.2273, 0.0259
SKILLS_VEC_771,-5952.3383,2782.2743, 0.3600, 0.7189
SKILLS_VEC_772, 1001.6150,5881.5513, 1.0525, 0.2926
SKILLS_VEC_773, 6190.5015,3557.0627,-0.9861, 0.3241
SKILLS_VEC_774,-3507.5513,3016.6178, 3.8329, 0.0001
SKILLS_VEC_775, 11562.3270,2569.1875, 0.9318, 0.3514
SKILLS_VEC_776, 2394.0222,3453.4334,-0.3809, 0.7033
SKILLS_VEC_777,-1315.2463,2956.4509, 0.1008, 0.9197
SKILLS_VEC_778, 297.8755,2715.8986, 1.0047, 0.3150
SKILLS_VEC_779, 2728.7605,5497.9207, 2.1092, 0.0349
SKILLS_VEC_780, 11596.1689,2573.8170, 0.5043, 0.6141
SKILLS_VEC_781, 1297.9202,5782.1030,-1.2521, 0.2106
SKILLS_VEC_782,-7239.5061,3353.2057,-2.1241, 0.0337
SKILLS_VEC_783,-7122.5506,3597.7234,-1.3449, 0.1787
SKILLS_VEC_784,-4838.6742,2794.2931,-2.4646, 0.0137
SKILLS_VEC_785,-6886.8697,5656.1824, 3.5067, 0.0005
SKILLS_VEC_786, 19834.5627,2778.5127,-1.5197, 0.1286
SKILLS_VEC_787,-4222.6306,2813.1644, 2.3325, 0.0197
SKILLS_VEC_788, 6561.5932,3036.2663,-1.7240, 0.0847
SKILLS_VEC_789,-5234.6112,3600.0313,-1.6450, 0.1000
SKILLS_VEC_790,-5922.1389,3284.6140, 1.3219, 0.1862
SKILLS_VEC_791, 4341.9724,3466.6972,-1.9592, 0.0501
SKILLS_VEC_792,-6792.0875,2824.7220,-6.0571, 0.0000
SKILLS_VEC_793,-17109.6854,2752.5727, 0.0475, 0.9621
SKILLS_VEC_794, 130.7956,3642.2610, 0.1409, 0.8880
SKILLS_VEC_795, 513.1603,4373.7522,-5.1214, 0.0000
SKILLS_VEC_796,-22399.7214,3307.6637,-1.9582, 0.0502
SKILLS_VEC_797,-6477.0177,3453.6207,-1.6698, 0.0950
SKILLS_VEC_798,-5766.7755,8268.7114, 3.8975, 0.0001
SKILLS_VEC_799, 32226.9066,3735.1135, 7.0240, 0.0000
SKILLS_VEC_800, 26235.3902,6830.1612, 1.5957, 0.1106
SKILLS_VEC_801, 10898.7913,5475.9241,-0.5574, 0.5773
SKILLS_VEC_802,-3052.1734,3112.9724,-0.9031, 0.3665
SKILLS_VEC_803,-2811.2240,2708.8889, 1.0130, 0.3111
SKILLS_VEC_804, 2744.2031,3431.7453,-3.5800, 0.0003
SKILLS_VEC_805,-12285.7942,2773.2022,-0.1174, 0.9065
SKILLS_VEC_806,-325.6897,2720.1507,-1.9420, 0.0521
SKILLS_VEC_807,-5282.6500,3895.7592, 3.5094, 0.0004
SKILLS_VEC_808, 13671.8089,2764.3199,-3.6023, 0.0003
SKILLS_VEC_809,-9958.0311,3740.6526,-5.0185, 0.0000
SKILLS_VEC_810,-18772.2960,2787.5495, 0.2368, 0.8128
SKILLS_VEC_811, 660.0999,3011.3146,-1.3611, 0.1735
SKILLS_VEC_812,-4098.5762,5263.9542, 1.0928, 0.2745
SKILLS_VEC_813, 5752.3499,2675.2512, 6.2707, 0.0000
SKILLS_VEC_814, 16775.8201,3700.0003, 1.5182, 0.1290
SKILLS_VEC_815, 5617.4014,4678.8935,-0.8067, 0.4198
SKILLS_VEC_816,-3774.5753,3576.7253, 1.4776, 0.1395
SKILLS_VEC_817, 5284.9092,2716.3703,-1.0866, 0.2772
SKILLS_VEC_818,-2951.6265,5091.1937,-1.9020, 0.0572
SKILLS_VEC_819,-9683.4845,5715.1644,-1.0892, 0.2761
SKILLS_VEC_820,-6225.2283,2860.8258,-3.7629, 0.0002
SKILLS_VEC_821,-10765.0250,3815.4873, 2.5255, 0.0116
SKILLS_VEC_822, 9635.8482,6839.8260, 4.1051, 0.0000
SKILLS_VEC_823, 28078.4677,2698.0757, 1.2870, 0.1981
SKILLS_VEC_824, 3472.3216,3071.6697, 2.4641, 0.0137
SKILLS_VEC_825, 7568.8746,2772.6216, 0.4055, 0.6851
SKILLS_VEC_826, 1124.3096,3251.1208, 0.2243, 0.8225
SKILLS_VEC_827, 729.1343,2869.3529, 1.7299, 0.0837
SKILLS_VEC_828, 4963.7382,3718.0147, 1.3793, 0.1678
SKILLS_VEC_829, 5128.2548,2946.7845, 1.4816, 0.1385
SKILLS_VEC_830, 4365.9432,2725.7697, 1.1003, 0.2712
SKILLS_VEC_831, 2999.2249,3104.9342, 1.8008, 0.0717
SKILLS_VEC_832, 5591.2817,3160.9585,-0.5246, 0.5999
SKILLS_VEC_833,-1658.0955,2642.2576,-2.2440, 0.0248
SKILLS_VEC_834,-5929.1670,2701.1332, 0.9449, 0.3447
SKILLS_VEC_835, 2552.3902,3371.4329,-1.0514, 0.2931
SKILLS_VEC_836,-3544.5854,3597.6172,-0.1977, 0.8432
SKILLS_VEC_837,-711.4012,3412.5303, 1.9543, 0.0507
SKILLS_VEC_838, 6669.1780,3693.9846,-1.7916, 0.0732
SKILLS_VEC_839,-6617.9741,2711.7489, 2.5995, 0.0093
SKILLS_VEC_840, 7049.2820,3480.8710,-0.5080, 0.6115
SKILLS_VEC_841,-1768.3071,2592.3073,-2.7019, 0.0069
SKILLS_VEC_842,-7004.2148,5012.9905,-7.6442, 0.0000
SKILLS_VEC_843,-38320.2040,2704.6608, 1.1404, 0.2541
SKILLS_VEC_844, 3084.3228,2837.0770,-1.5743, 0.1154
SKILLS_VEC_845,-4466.4889,3639.7986, 6.3466, 0.0000
SKILLS_VEC_846, 23100.2658,3852.6690, 3.5679, 0.0004
SKILLS_VEC_847, 13746.1194,3176.7763, 2.0575, 0.0397
SKILLS_VEC_848, 6536.0740,2705.7104,-3.0501, 0.0023
SKILLS_VEC_849,-8252.5681,2748.8426,-0.2438, 0.8074
SKILLS_VEC_850,-670.0991,2995.6868, 3.1698, 0.0015
SKILLS_VEC_851, 9495.7453,4225.8794, 0.4321, 0.6657
SKILLS_VEC_852, 1825.8314,3723.6390,-1.4801, 0.1389
SKILLS_VEC_853,-5511.3710,3461.1124, 1.1310, 0.2581
SKILLS_VEC_854, 3914.4126,3341.0165, 7.9341, 0.0000
SKILLS_VEC_855, 26508.0061,2665.4725, 0.5717, 0.5675
SKILLS_VEC_856, 1523.8556,3250.5418,-0.7008, 0.4834
SKILLS_VEC_857,-2277.9600,4521.8706,-2.7279, 0.0064
SKILLS_VEC_858,-12335.3366,5588.9602,-1.4630, 0.1435
SKILLS_VEC_859,-8176.6609,3467.0257, 2.0850, 0.0371
SKILLS_VEC_860, 7228.7487,3974.9257, 1.1467, 0.2515
SKILLS_VEC_861, 4558.0910,2687.9980,-0.4005, 0.6888
SKILLS_VEC_862,-1076.4303,3211.1199, 0.3058, 0.7597
SKILLS_VEC_863, 982.0601,2906.8899, 4.0302, 0.0001
SKILLS_VEC_864, 11715.2205,4189.9286,-0.2792, 0.7801
SKILLS_VEC_865,-1169.6494,4236.3726, 1.7586, 0.0787
SKILLS_VEC_866, 7450.2187,2825.3777,-1.1188, 0.2633
SKILLS_VEC_867,-3160.9018,4638.9459,-3.2366, 0.0012
SKILLS_VEC_868,-15014.2492,3414.7231, 2.5283, 0.0115
SKILLS_VEC_869, 8633.3565,3159.8273,-2.8309, 0.0046
SKILLS_VEC_870,-8945.0177,7389.0380,-1.1905, 0.2339
SKILLS_VEC_871,-8796.3060,2983.9512,-2.0815, 0.0374
SKILLS_VEC_872,-6211.0818,3511.9628, 0.5052, 0.6134
SKILLS_VEC_873, 1774.1376,3626.9556, 1.0825, 0.2790
SKILLS_VEC_874, 3926.3586,6528.6709, 3.3209, 0.0009
SKILLS_VEC_875, 21681.2647,2911.0929, 2.5566, 0.0106
SKILLS_VEC_876, 7442.5202,2759.2559, 2.5762, 0.0100
SKILLS_VEC_877, 7108.4293,3492.8367,-1.9711, 0.0487
SKILLS_VEC_878,-6884.8498,3015.4400, 2.9919, 0.0028
SKILLS_VEC_879, 9021.7552,3006.4900,-3.5051, 0.0005
SKILLS_VEC_880,-10537.9912,4818.6580, 1.9420, 0.0521
SKILLS_VEC_881, 9357.8508,2866.4745,-1.2576, 0.2086
SKILLS_VEC_882,-3604.7875,3459.2381, 1.4368, 0.1508
SKILLS_VEC_883, 4970.0663,5517.3738,-0.7105, 0.4774
SKILLS_VEC_884,-3920.0543,3390.3427,-2.0860, 0.0370
SKILLS_VEC_885,-7072.0874,7306.9024,-2.6356, 0.0084
SKILLS_VEC_886,-19258.1557,2993.4127, 3.5051, 0.0005
SKILLS_VEC_887, 10492.0645,2859.3479,-1.7493, 0.0803
SKILLS_VEC_888,-5001.8633,4041.3742, 1.9962, 0.0459
SKILLS_VEC_889, 8067.3260,2827.3088,-0.7460, 0.4557
SKILLS_VEC_890,-2109.2348,3104.4683, 2.6509, 0.0080
SKILLS_VEC_891, 8229.7410,3371.8861, 1.3183, 0.1874
SKILLS_VEC_892, 4445.0998,4428.3491, 1.7177, 0.0859
SKILLS_VEC_893, 7606.6189,4095.8977, 1.9213, 0.0547
SKILLS_VEC_894, 7869.2708,2766.9002,-1.8744, 0.0609
SKILLS_VEC_895,-5186.2182,3617.5290,-0.1494, 0.8813
SKILLS_VEC_896,-540.3098,4932.6440,-1.9816, 0.0475
SKILLS_VEC_897,-9774.2819,2880.7857, 2.7473, 0.0060
SKILLS_VEC_898, 7914.4130,3119.2723, 3.4124, 0.0006
SKILLS_VEC_899, 10644.2801,2888.9320, 4.3433, 0.0000
SKILLS_VEC_900, 12547.6316,3254.1135,-1.0830, 0.2788
SKILLS_VEC_901,-3524.3546,3403.9445,-2.4625, 0.0138
SKILLS_VEC_902,-8382.2113,3214.6804,-2.7907, 0.0053
SKILLS_VEC_903,-8971.1171,3312.3129, 3.0843, 0.0020
SKILLS_VEC_904, 10216.2359,6805.4327,-5.4288, 0.0000
SKILLS_VEC_905,-36945.1405,3373.5675, 2.5778, 0.0099
SKILLS_VEC_906, 8696.5277,3143.8386,-1.7426, 0.0814
SKILLS_VEC_907,-5478.3805,5955.7049,-3.2202, 0.0013
SKILLS_VEC_908,-19178.3278,3351.7042, 5.1148, 0.0000
SKILLS_VEC_909, 17143.4050,12398.5710,-1.0055, 0.3146
SKILLS_VEC_910,-12467.2830,3799.4125,-2.3372, 0.0194
SKILLS_VEC_911,-8880.0317,3548.2367, 1.3303, 0.1834
SKILLS_VEC_912, 4720.2529,6430.5009, 1.4452, 0.1484
SKILLS_VEC_913, 9293.6564,5610.1532, 5.4663, 0.0000
SKILLS_VEC_914, 30666.9250,3569.1187,-1.0949, 0.2736
SKILLS_VEC_915,-3907.9777,3687.3673,-3.9952, 0.0001
SKILLS_VEC_916,-14731.5898,3085.4770, 1.5667, 0.1172
SKILLS_VEC_917, 4834.0654,3450.3375, 0.2883, 0.7731
SKILLS_VEC_918, 994.8152,3544.9471, 2.4824, 0.0131
SKILLS_VEC_919, 8800.0012,3238.3729,-3.0476, 0.0023
SKILLS_VEC_920,-9869.1558,4092.6560, 1.1902, 0.2340
SKILLS_VEC_921, 4871.1086,3615.4452,-2.3200, 0.0203
SKILLS_VEC_922,-8387.8219,2935.5529, 1.4368, 0.1508
SKILLS_VEC_923, 4217.7468,7670.8348, 0.2195, 0.8262
SKILLS_VEC_924, 1683.9112,3596.5819,-2.5363, 0.0112
SKILLS_VEC_925,-9122.0905,3968.7598, 1.3723, 0.1700
SKILLS_VEC_926, 5446.3273,2956.0508,-3.7873, 0.0002
SKILLS_VEC_927,-11195.3148,5701.2506,-2.9022, 0.0037
SKILLS_VEC_928,-16546.2222,4801.4643, 0.1736, 0.8621
SKILLS_VEC_929, 833.7604,3269.7844, 2.1212, 0.0339
SKILLS_VEC_930, 6935.7073,3190.5404, 3.2879, 0.0010
SKILLS_VEC_931, 10490.0880,6087.3029,-2.6935, 0.0071
SKILLS_VEC_932,-16396.4369,3479.1637, 3.4169, 0.0006
SKILLS_VEC_933, 11888.0676,3675.5211,-5.2745, 0.0000
SKILLS_VEC_934,-19386.5686,7164.9817, 2.1010, 0.0356
SKILLS_VEC_935, 15053.9087,2985.6942, 3.6245, 0.0003
SKILLS_VEC_936, 10821.5550,2962.4083, 2.3920, 0.0168
SKILLS_VEC_937, 7086.1391,2936.9866,-1.2511, 0.2109
SKILLS_VEC_938,-3674.3754,3074.0808,-1.2562, 0.2091
SKILLS_VEC_939,-3861.6696,3228.5358, 2.6926, 0.0071
SKILLS_VEC_940, 8693.1398,3343.1654, 2.4485, 0.0144
SKILLS_VEC_941, 8185.6314,3383.7101,-0.6311, 0.5280
SKILLS_VEC_942,-2135.4443,2957.2272, 0.3060, 0.7596
SKILLS_VEC_943, 905.0019,4416.2395,-1.1864, 0.2355
SKILLS_VEC_944,-5239.3274,7357.4090,-3.4983, 0.0005
SKILLS_VEC_945,-25738.5060,8766.7905,-0.5835, 0.5596
SKILLS_VEC_946,-5115.5151,3224.0638,-2.5803, 0.0099
SKILLS_VEC_947,-8319.1416,6293.9216, 3.8043, 0.0001
SKILLS_VEC_948, 23944.2677,3588.3822, 0.0408, 0.9674
SKILLS_VEC_949, 146.5228,6848.1087,-4.0301, 0.0001
SKILLS_VEC_950,-27598.8224,3363.8410, 2.4211, 0.0155
SKILLS_VEC_951, 8144.2814,3226.7938,-0.9308, 0.3520
SKILLS_VEC_952,-3003.5227,4409.1541, 5.9674, 0.0000
SKILLS_VEC_953, 26311.0290,3389.0130, 5.4775, 0.0000
SKILLS_VEC_954, 18563.3685,3036.0653, 0.0366, 0.9708
SKILLS_VEC_955, 110.9703,3007.0351,-2.9592, 0.0031
SKILLS_VEC_956,-8898.5347,8966.0924, 2.3373, 0.0194
SKILLS_VEC_957, 20956.2334,3553.3512, 1.3188, 0.1872
SKILLS_VEC_958, 4686.1725,3586.5730,-1.8620, 0.0626
SKILLS_VEC_959,-6678.2042,3712.1970, 6.5641, 0.0000
SKILLS_VEC_960, 24367.3625,2819.3014, 1.7175, 0.0859
SKILLS_VEC_961, 4842.0961,3400.9810, 0.3519, 0.7249
SKILLS_VEC_962, 1196.9533,4963.4218,-0.1606, 0.8724
SKILLS_VEC_963,-797.2566,3701.8946,-1.7601, 0.0784
SKILLS_VEC_964,-6515.5728,4042.6239,-2.4359, 0.0149
SKILLS_VEC_965,-9847.4041,4072.6034,-6.9155, 0.0000
SKILLS_VEC_966,-28164.0005,3645.8023,-1.2487, 0.2118
SKILLS_VEC_967,-4552.4187,3530.3603,-1.7731, 0.0762
SKILLS_VEC_968,-6259.5358,3201.9684, 1.4768, 0.1397
SKILLS_VEC_969, 4728.6718,3358.1528, 0.6637, 0.5069
SKILLS_VEC_970, 2228.7350,4446.1300,-3.5124, 0.0004
SKILLS_VEC_971,-15616.7353,3385.6248,-0.5588, 0.5763
SKILLS_VEC_972,-1891.9696,4315.8718,-1.4350, 0.1513
SKILLS_VEC_973,-6193.4437,3284.6165,-2.7772, 0.0055
SKILLS_VEC_974,-9122.1597,3220.6674, 1.1753, 0.2399
SKILLS_VEC_975, 3785.1149,3281.9389,-2.6576, 0.0079
SKILLS_VEC_976,-8722.1840,3553.7806, 0.0941, 0.9250
SKILLS_VEC_977, 334.5318,4614.0339,-2.4347, 0.0149
SKILLS_VEC_978,-11233.9533,3273.5333,-1.9710, 0.0487
SKILLS_VEC_979,-6452.1006,3109.7115,-0.1420, 0.8871
SKILLS_VEC_980,-441.6999,3572.5958,-3.4522, 0.0006
SKILLS_VEC_981,-12333.2595,3808.2849, 0.4869, 0.6263
SKILLS_VEC_982, 1854.2197,8018.5962, 0.5230, 0.6010
SKILLS_VEC_983, 4193.6257,3670.5389,-1.5858, 0.1128
SKILLS_VEC_984,-5820.7369,3667.4659, 0.3952, 0.6927
SKILLS_VEC_985, 1449.3463,3560.5525, 2.1866, 0.0288
SKILLS_VEC_986, 7785.6665,5078.2372,-0.1075, 0.9144
SKILLS_VEC_987,-545.8869,3183.0890, 3.5000, 0.0005
SKILLS_VEC_988, 11140.7269,4625.5219, 1.3329, 0.1826
SKILLS_VEC_989, 6165.1788,3818.3086, 1.6103, 0.1073
SKILLS_VEC_990, 6148.5238,4100.6006,-0.3371, 0.7361
SKILLS_VEC_991,-1382.2053,4256.5408,-0.7088, 0.4784
SKILLS_VEC_992,-3017.0699,3050.8881,-0.1725, 0.8631
SKILLS_VEC_993,-526.1262,3199.6070, 0.7625, 0.4458
SKILLS_VEC_994, 2439.7858,3723.5973,-0.9157, 0.3598
SKILLS_VEC_995,-3409.8059,3263.3498, 3.5431, 0.0004
SKILLS_VEC_996, 11562.2535,3635.2658, 1.3656, 0.1721
SKILLS_VEC_997, 4964.1940,3519.0871, 0.0841, 0.9330
SKILLS_VEC_998, 295.8064,5613.6890, 4.0320, 0.0001
SKILLS_VEC_999, 22634.5841,550.0630, 148.1544, 0.0000
